Yaş,Gelir,Alışveriş Skoru,Sadakat Yılı,Ürün Tercihi,Şikayet Sayısı,Segment
56.0,13343.0,95,5,Giyim,Çok,Standart
69.0,23500.0,6,1,Giyim,Yok,Standart
46.0,63222.0,66,2,Giyim,Yok,Standart
32.0,39375.0,84,4,Gıda,Çok,Standart
60.0,19662.0,92,10,Elektronik,Az,Standart
25.0,26964.0,75,10,Elektronik,Az,Standart
,69638.0,4,0,Giyim,Yok,Standart
56.0,83666.0,79,0,Elektronik,Çok,Standart
36.0,95067.0,6,9,Elektronik,Az,Standart
40.0,77215.0,94,8,Giyim,Yok,Premium
28.0,79042.0,51,6,Giyim,Çok,Premium
28.0,23284.0,62,0,Elektronik,Az,Standart
41.0,82789.0,57,7,Gıda,Az,Premium
53.0,94664.0,66,2,Giyim,Çok,Standart
57.0,,79,7,Gıda,Çok,Premium
41.0,19435.0,75,4,Elektronik,Çok,Standart
20.0,64340.0,8,0,Giyim,Çok,Standart
39.0,54078.0,26,6,,Yok,Standart
19.0,88832.0,51,4,Giyim,Çok,Standart
41.0,61293.0,45,5,Elektronik,Az,Standart
61.0,88781.0,44,5,,Az,Standart
47.0,70403.0,5,7,Elektronik,Yok,Standart
,39124.0,70,8,Elektronik,Az,Standart
,53919.0,26,1,Giyim,Az,Standart
38.0,45247.0,68,8,Gıda,Çok,Standart
50.0,72752.0,19,10,Elektronik,Az,Standart
29.0,66573.0,84,9,Elektronik,Yok,Premium
39.0,69101.0,97,8,Gıda,Çok,Premium
61.0,36646.0,20,9,,Çok,Standart
42.0,33049.0,12,9,Elektronik,Yok,Standart
,89605.0,47,6,Gıda,Çok,Standart
44.0,78385.0,1,0,Gıda,Çok,Standart
59.0,50158.0,90,6,Gıda,Yok,Premium
45.0,75417.0,14,9,Gıda,Çok,Standart
33.0,33289.0,64,4,,Yok,Standart
32.0,19823.0,38,5,Gıda,Yok,Standart
64.0,70160.0,37,9,,Az,Standart
68.0,51975.0,11,6,Giyim,Az,Standart
61.0,19540.0,100,4,Giyim,Çok,Standart
69.0,,77,6,Elektronik,Çok,Standart
20.0,14611.0,3,8,Giyim,Yok,Standart
54.0,37663.0,33,2,,Çok,Standart
68.0,61991.0,6,7,Elektronik,Yok,Standart
24.0,67679.0,50,1,Elektronik,Yok,Standart
38.0,40977.0,10,10,,Çok,Standart
26.0,59115.0,5,6,Gıda,Yok,Standart
56.0,98223.0,23,1,Elektronik,Az,Standart
35.0,70890.0,10,3,Elektronik,Çok,Standart
21.0,76387.0,44,6,Giyim,Az,Standart
42.0,28071.0,2,2,Elektronik,Çok,Standart
31.0,69275.0,13,1,Gıda,Yok,Standart
67.0,82369.0,40,10,Elektronik,Çok,Standart
26.0,21938.0,2,9,Gıda,Az,Standart
43.0,45195.0,84,6,Elektronik,Yok,Standart
19.0,14000.0,65,0,Elektronik,Çok,Standart
37.0,80588.0,63,7,Elektronik,Çok,Premium
45.0,48304.0,73,2,Elektronik,Çok,Standart
64.0,79449.0,17,1,Gıda,Az,Standart
24.0,92986.0,9,2,Gıda,Az,Standart
61.0,99643.0,75,4,,Çok,Standart
25.0,30764.0,15,10,Gıda,Yok,Standart
64.0,96027.0,24,7,Elektronik,Yok,Standart
52.0,48494.0,38,9,Giyim,Az,Standart
31.0,13373.0,35,6,Giyim,Yok,Standart
34.0,22161.0,94,6,Giyim,Az,Standart
53.0,37350.0,95,6,,Çok,Standart
67.0,35351.0,49,7,Gıda,Az,Standart
57.0,98668.0,69,0,Elektronik,Az,Standart
21.0,25305.0,62,3,Giyim,Çok,Standart
19.0,85353.0,60,5,Elektronik,Yok,Standart
23.0,86797.0,50,8,,Az,Standart
59.0,75953.0,78,1,Gıda,Az,Standart
21.0,67458.0,75,0,Gıda,Çok,Standart
46.0,30358.0,9,9,Giyim,Yok,Standart
35.0,13267.0,34,1,Elektronik,Az,Standart
43.0,,76,6,Elektronik,Çok,Premium
61.0,99588.0,99,2,,Az,Standart
51.0,48513.0,35,9,Elektronik,Çok,Standart
27.0,36092.0,1,1,Elektronik,Yok,Standart
53.0,,40,10,Elektronik,Yok,Standart
31.0,10412.0,64,6,Gıda,Yok,Standart
48.0,17543.0,22,1,Giyim,Yok,Standart
65.0,43496.0,60,2,Giyim,Az,Standart
32.0,70692.0,64,10,Elektronik,Az,Premium
25.0,99084.0,93,6,Giyim,Yok,Premium
31.0,54425.0,72,3,Gıda,Yok,Standart
40.0,48756.0,11,0,Gıda,Yok,Standart
57.0,28888.0,14,4,Giyim,Az,Standart
38.0,,60,8,Giyim,Yok,Standart
33.0,57295.0,30,7,Elektronik,Yok,Standart
62.0,93042.0,35,8,Giyim,Yok,Standart
35.0,95999.0,85,9,,Çok,Premium
64.0,27955.0,37,8,Elektronik,Yok,Standart
,47841.0,5,6,Gıda,Çok,Standart
,80640.0,83,3,Gıda,Çok,Standart
42.0,75510.0,78,4,Gıda,Yok,Standart
62.0,44911.0,26,0,,Çok,Standart
58.0,69031.0,62,0,Giyim,Yok,Standart
46.0,98726.0,4,2,Gıda,Az,Standart
32.0,17357.0,89,7,Giyim,Az,Standart
62.0,42479.0,42,1,Gıda,Az,Standart
18.0,71476.0,89,3,Giyim,Az,Standart
42.0,54811.0,18,1,Elektronik,Çok,Standart
24.0,46208.0,40,4,Giyim,Yok,Standart
26.0,30150.0,72,8,Giyim,Yok,Standart
41.0,81180.0,39,0,,Yok,Standart
18.0,53286.0,14,4,Giyim,Az,Standart
61.0,78450.0,32,8,Elektronik,Az,Standart
25.0,31352.0,51,0,Elektronik,Yok,Standart
41.0,65069.0,38,8,,Az,Standart
28.0,24397.0,97,7,Elektronik,Yok,Standart
68.0,51555.0,23,3,Giyim,Yok,Standart
34.0,56959.0,63,10,Elektronik,Yok,Premium
25.0,10728.0,15,9,Gıda,Yok,Standart
52.0,60517.0,97,4,,Yok,Standart
52.0,76234.0,25,4,Gıda,Yok,Standart
50.0,49954.0,17,10,Giyim,Yok,Standart
,57280.0,97,5,Elektronik,Az,Standart
,89459.0,66,6,Gıda,Yok,Premium
56.0,26779.0,78,7,,Yok,Standart
58.0,73932.0,53,7,Giyim,Az,Premium
,82936.0,51,10,Gıda,Az,Premium
24.0,34466.0,39,1,Giyim,Az,Standart
26.0,46939.0,51,8,Giyim,Yok,Standart
25.0,79896.0,70,6,Giyim,Çok,Premium
29.0,45270.0,6,3,Giyim,Çok,Standart
51.0,69163.0,67,3,Elektronik,Az,Standart
50.0,92637.0,7,10,Giyim,Çok,Standart
65.0,61934.0,51,7,Gıda,Az,Premium
40.0,74895.0,72,3,,Yok,Standart
41.0,42307.0,42,5,Gıda,Çok,Standart
54.0,64098.0,64,4,Elektronik,Yok,Standart
52.0,70921.0,15,2,Giyim,Çok,Standart
61.0,15486.0,29,9,,Yok,Standart
,18335.0,33,10,Elektronik,Çok,Standart
39.0,96900.0,94,1,,Yok,Standart
44.0,99112.0,27,8,Gıda,Yok,Standart
52.0,21130.0,36,9,Giyim,Çok,Standart
18.0,97508.0,29,8,Elektronik,Yok,Standart
,70566.0,38,0,Elektronik,Yok,Standart
,76703.0,57,9,Elektronik,Yok,Premium
64.0,37192.0,97,2,Giyim,Çok,Standart
31.0,11062.0,27,7,Giyim,Çok,Standart
20.0,94076.0,55,5,,Yok,Standart
18.0,99780.0,33,4,,Yok,Standart
22.0,,68,4,,Çok,Standart
43.0,31689.0,86,5,Gıda,Çok,Standart
31.0,21174.0,66,6,Elektronik,Yok,Standart
56.0,98461.0,10,0,Elektronik,Yok,Standart
44.0,19348.0,5,8,Elektronik,Yok,Standart
26.0,,74,2,Elektronik,Az,Standart
32.0,48102.0,97,3,,Çok,Standart
32.0,84460.0,38,9,Elektronik,Az,Standart
43.0,99930.0,13,0,Elektronik,Çok,Standart
59.0,16801.0,31,10,Elektronik,Çok,Standart
30.0,82267.0,47,9,Gıda,Çok,Standart
68.0,58136.0,100,2,Elektronik,Çok,Standart
49.0,33625.0,88,1,Gıda,Çok,Standart
56.0,92873.0,52,1,Giyim,Çok,Standart
66.0,82592.0,56,0,Elektronik,Çok,Standart
69.0,87052.0,15,7,Giyim,Az,Standart
49.0,54261.0,29,2,Giyim,Yok,Standart
21.0,11542.0,8,2,Giyim,Yok,Standart
47.0,31677.0,5,5,Gıda,Az,Standart
54.0,56732.0,29,7,Giyim,Az,Standart
40.0,60343.0,47,8,Giyim,Az,Standart
56.0,,68,8,Giyim,Az,Standart
62.0,72856.0,76,3,Elektronik,Çok,Standart
32.0,98858.0,45,4,Elektronik,Yok,Standart
60.0,29065.0,2,1,Gıda,Çok,Standart
,93460.0,27,10,Gıda,Yok,Standart
53.0,98092.0,95,8,Elektronik,Yok,Premium
30.0,64693.0,36,7,Gıda,Az,Standart
49.0,36962.0,36,2,Elektronik,Çok,Standart
24.0,38295.0,26,10,Giyim,Az,Standart
68.0,23807.0,43,8,Giyim,Çok,Standart
39.0,52348.0,27,2,,Yok,Standart
45.0,36432.0,69,8,Elektronik,Az,Standart
,93285.0,20,1,Elektronik,Az,Standart
59.0,67854.0,11,9,Gıda,Yok,Standart
62.0,50262.0,74,8,Elektronik,Yok,Premium
23.0,47080.0,38,7,,Yok,Standart
45.0,11324.0,6,8,Gıda,Az,Standart
45.0,45909.0,72,4,Gıda,Çok,Standart
61.0,99339.0,23,10,Elektronik,Az,Standart
61.0,29870.0,47,10,Gıda,Çok,Standart
37.0,44578.0,90,1,Elektronik,Az,Standart
,82124.0,46,7,Elektronik,Az,Standart
28.0,36790.0,12,5,Elektronik,Yok,Standart
45.0,35289.0,90,7,Elektronik,Çok,Standart
42.0,65129.0,13,10,Elektronik,Az,Standart
56.0,25485.0,62,4,,Az,Standart
,54482.0,82,9,Giyim,Yok,Premium
18.0,96188.0,89,1,,Yok,Standart
44.0,14748.0,97,5,Gıda,Çok,Standart
69.0,96769.0,60,4,Gıda,Az,Standart
30.0,19435.0,43,4,Giyim,Çok,Standart
58.0,13709.0,76,0,Giyim,Az,Standart
20.0,40355.0,100,1,Giyim,Çok,Standart
56.0,65771.0,68,7,Giyim,Yok,Premium
23.0,67799.0,5,2,,Az,Standart
25.0,23116.0,37,9,Elektronik,Çok,Standart
44.0,35470.0,72,2,Gıda,Yok,Standart
26.0,52344.0,92,7,,Yok,Premium
54.0,52918.0,31,7,Giyim,Çok,Standart
50.0,62224.0,9,1,Giyim,Az,Standart
68.0,49298.0,51,7,Giyim,Az,Standart
59.0,90219.0,29,10,Elektronik,Yok,Standart
61.0,71629.0,78,0,Elektronik,Az,Standart
41.0,76040.0,40,5,Giyim,Az,Standart
32.0,38016.0,41,7,Elektronik,Az,Standart
49.0,33960.0,86,2,Elektronik,Yok,Standart
49.0,43591.0,11,7,Giyim,Çok,Standart
41.0,92848.0,23,0,,Az,Standart
58.0,77641.0,1,10,Gıda,Yok,Standart
69.0,46395.0,46,10,Gıda,Yok,Standart
66.0,,21,8,,Çok,Standart
66.0,44620.0,90,10,Gıda,Az,Standart
69.0,30559.0,36,8,Giyim,Az,Standart
29.0,71642.0,54,4,Giyim,Çok,Standart
,86539.0,87,9,Giyim,Çok,Premium
19.0,31732.0,57,3,Gıda,Yok,Standart
20.0,40354.0,1,10,Gıda,Yok,Standart
66.0,23843.0,63,5,Elektronik,Çok,Standart
54.0,81726.0,54,6,,Az,Premium
66.0,,55,4,Gıda,Yok,Standart
34.0,62528.0,40,10,Gıda,Yok,Standart
,48413.0,15,9,Gıda,Az,Standart
19.0,62638.0,21,8,Gıda,Yok,Standart
,62736.0,47,2,,Az,Standart
,78866.0,73,6,Gıda,Az,Premium
40.0,29087.0,53,9,Elektronik,Az,Standart
54.0,51430.0,9,9,Gıda,Çok,Standart
49.0,34504.0,74,10,,Çok,Standart
,17114.0,52,4,Gıda,Çok,Standart
,88859.0,57,6,,Az,Premium
36.0,20975.0,26,1,Elektronik,Az,Standart
19.0,21023.0,41,3,Giyim,Çok,Standart
61.0,31447.0,35,1,Gıda,Yok,Standart
43.0,33959.0,63,6,Giyim,Az,Standart
49.0,76203.0,25,1,Giyim,Yok,Standart
23.0,39703.0,90,10,Elektronik,Yok,Standart
49.0,19337.0,75,0,Elektronik,Az,Standart
21.0,56427.0,38,8,Giyim,Az,Standart
28.0,71529.0,2,0,Gıda,Yok,Standart
34.0,94665.0,7,7,Elektronik,Yok,Standart
55.0,41921.0,82,1,Gıda,Çok,Standart
41.0,43307.0,91,7,Gıda,Çok,Standart
22.0,37355.0,34,2,Giyim,Az,Standart
,14835.0,91,5,Giyim,Çok,Standart
51.0,30159.0,17,2,Giyim,Çok,Standart
23.0,57605.0,43,6,Giyim,Çok,Standart
39.0,48088.0,59,9,Elektronik,Çok,Standart
28.0,88752.0,51,8,Elektronik,Yok,Premium
65.0,65284.0,54,1,Giyim,Az,Standart
33.0,67043.0,24,4,Elektronik,Çok,Standart
50.0,45547.0,25,5,Giyim,Yok,Standart
26.0,92844.0,71,3,,Yok,Standart
23.0,37532.0,52,3,,Yok,Standart
33.0,44349.0,70,3,Gıda,Çok,Standart
46.0,55445.0,88,1,Giyim,Çok,Standart
20.0,15713.0,33,3,Gıda,Az,Standart
37.0,66178.0,49,10,,Çok,Standart
53.0,59407.0,29,0,Gıda,Çok,Standart
36.0,80340.0,63,5,Gıda,Yok,Standart
,60990.0,22,0,Gıda,Az,Standart
20.0,85672.0,26,9,Elektronik,Çok,Standart
36.0,75545.0,28,5,,Çok,Standart
37.0,94791.0,85,0,,Yok,Standart
49.0,68141.0,49,5,Giyim,Yok,Standart
24.0,33793.0,71,9,Giyim,Çok,Standart
69.0,66570.0,81,7,Gıda,Az,Premium
58.0,47892.0,84,10,Giyim,Az,Standart
50.0,11015.0,49,1,Elektronik,Yok,Standart
57.0,71813.0,20,1,Elektronik,Yok,Standart
56.0,37712.0,86,3,Giyim,Çok,Standart
35.0,18415.0,92,10,Gıda,Yok,Standart
57.0,72292.0,63,2,Gıda,Çok,Standart
18.0,33833.0,61,3,Elektronik,Az,Standart
28.0,14158.0,49,6,Gıda,Az,Standart
45.0,72680.0,71,10,Giyim,Çok,Premium
42.0,30309.0,1,0,Giyim,Yok,Standart
67.0,16970.0,96,5,Elektronik,Az,Standart
40.0,82474.0,13,2,Giyim,Yok,Standart
48.0,96704.0,94,10,Elektronik,Az,Premium
47.0,56540.0,87,9,Giyim,Çok,Premium
59.0,30384.0,51,6,Elektronik,Çok,Standart
52.0,,56,9,Gıda,Çok,Standart
24.0,85880.0,83,1,Giyim,Az,Standart
33.0,18702.0,62,1,Giyim,Yok,Standart
43.0,10384.0,32,3,,Yok,Standart
,10404.0,30,0,Elektronik,Yok,Standart
69.0,50943.0,29,2,Giyim,Az,Standart
66.0,57926.0,49,8,Elektronik,Az,Standart
19.0,39189.0,45,6,Giyim,Az,Standart
,22763.0,93,6,Gıda,Az,Standart
65.0,28384.0,30,10,Elektronik,Az,Standart
29.0,70100.0,16,3,Giyim,Yok,Standart
22.0,19860.0,40,1,Gıda,Az,Standart
54.0,90642.0,19,3,Gıda,Az,Standart
,60612.0,18,5,Giyim,Yok,Standart
26.0,,1,10,Elektronik,Az,Standart
58.0,33524.0,78,10,Giyim,Yok,Standart
52.0,79172.0,47,2,,Yok,Standart
36.0,20916.0,66,0,Giyim,Çok,Standart
65.0,14809.0,92,7,Elektronik,Çok,Standart
33.0,42201.0,94,4,Gıda,Çok,Standart
20.0,63330.0,38,4,Giyim,Çok,Standart
37.0,23456.0,51,10,Elektronik,Az,Standart
41.0,66397.0,63,3,Gıda,Çok,Standart
50.0,48765.0,4,5,Elektronik,Yok,Standart
41.0,44816.0,1,2,Gıda,Az,Standart
69.0,,8,8,Giyim,Çok,Standart
28.0,63932.0,29,4,Elektronik,Yok,Standart
66.0,27100.0,55,2,,Az,Standart
25.0,67091.0,3,10,Elektronik,Az,Standart
53.0,31949.0,32,0,,Çok,Standart
55.0,80080.0,10,9,,Az,Standart
57.0,47744.0,74,5,Elektronik,Yok,Standart
37.0,55543.0,83,1,Gıda,Az,Standart
52.0,46187.0,34,2,Gıda,Yok,Standart
,17239.0,97,0,Gıda,Az,Standart
42.0,24489.0,87,8,Gıda,Çok,Standart
52.0,68017.0,55,7,Giyim,Yok,Premium
42.0,71877.0,92,1,Elektronik,Az,Standart
46.0,53125.0,32,10,,Az,Standart
35.0,,50,7,Elektronik,Az,Standart
63.0,42049.0,7,8,Elektronik,Yok,Standart
35.0,47131.0,93,0,Elektronik,Yok,Standart
19.0,52944.0,8,4,Giyim,Yok,Standart
52.0,83963.0,65,7,Elektronik,Çok,Premium
33.0,34285.0,57,10,Giyim,Çok,Standart
,47626.0,67,1,Gıda,Yok,Standart
53.0,52808.0,88,3,Gıda,Az,Standart
50.0,98464.0,87,6,,Çok,Premium
21.0,63871.0,59,2,Giyim,Yok,Standart
50.0,29198.0,72,4,Gıda,Az,Standart
31.0,29758.0,54,7,Giyim,Çok,Standart
,,67,9,Giyim,Az,Standart
65.0,54238.0,51,2,Elektronik,Az,Standart
37.0,11252.0,97,3,Gıda,Az,Standart
25.0,49764.0,92,8,Elektronik,Az,Standart
24.0,87709.0,8,6,Elektronik,Çok,Standart
20.0,47441.0,34,0,Gıda,Çok,Standart
,63682.0,35,3,Gıda,Çok,Standart
50.0,69494.0,96,3,Giyim,Yok,Standart
65.0,91317.0,88,8,Gıda,Çok,Premium
29.0,75215.0,78,5,Giyim,Az,Standart
68.0,88587.0,32,8,Giyim,Çok,Standart
39.0,16949.0,46,5,,Az,Standart
,65393.0,16,5,Gıda,Yok,Standart
63.0,83553.0,68,4,Elektronik,Az,Standart
47.0,16941.0,37,4,Giyim,Az,Standart
55.0,35934.0,54,1,Elektronik,Az,Standart
55.0,33386.0,85,7,Elektronik,Yok,Standart
62.0,71886.0,14,7,Gıda,Çok,Standart
68.0,85745.0,95,10,Elektronik,Çok,Premium
,93251.0,55,0,Elektronik,Yok,Standart
,63413.0,48,7,Gıda,Az,Standart
,66800.0,82,4,Giyim,Çok,Standart
51.0,52318.0,7,1,Elektronik,Yok,Standart
38.0,,74,1,Gıda,Çok,Standart
47.0,80390.0,7,5,Elektronik,Yok,Standart
50.0,,33,10,,Az,Standart
45.0,53088.0,23,8,Giyim,Çok,Standart
64.0,49811.0,85,0,Elektronik,Yok,Standart
50.0,65479.0,19,5,,Çok,Standart
22.0,95392.0,19,8,Elektronik,Çok,Standart
65.0,97369.0,36,7,Giyim,Çok,Standart
,29963.0,29,10,Giyim,Çok,Standart
21.0,65123.0,60,5,Gıda,Yok,Standart
52.0,83477.0,82,2,Giyim,Az,Standart
66.0,24388.0,2,7,Elektronik,Yok,Standart
34.0,15569.0,1,8,Giyim,Yok,Standart
61.0,79836.0,47,0,Gıda,Yok,Standart
45.0,46586.0,69,8,Giyim,Az,Standart
47.0,22015.0,20,5,,Çok,Standart
46.0,55002.0,11,5,Giyim,Çok,Standart
63.0,16254.0,2,3,Gıda,Çok,Standart
23.0,27144.0,67,0,Giyim,Az,Standart
52.0,34214.0,87,9,Giyim,Çok,Standart
58.0,90719.0,12,7,Elektronik,Az,Standart
54.0,81774.0,20,1,Gıda,Çok,Standart
41.0,16090.0,5,0,Giyim,Çok,Standart
46.0,21637.0,37,1,Gıda,Yok,Standart
66.0,32415.0,38,0,Giyim,Az,Standart
63.0,34071.0,94,0,Giyim,Yok,Standart
,68243.0,9,8,,Yok,Standart
52.0,51240.0,98,0,,Yok,Standart
,93807.0,53,3,Elektronik,Az,Standart
69.0,43434.0,44,9,Elektronik,Az,Standart
,79724.0,99,5,Gıda,Çok,Standart
49.0,85697.0,86,6,Gıda,Yok,Premium
,38732.0,24,1,Elektronik,Çok,Standart
50.0,21314.0,81,5,Gıda,Yok,Standart
20.0,33954.0,74,6,Giyim,Az,Standart
,67108.0,30,9,Giyim,Az,Standart
42.0,,59,9,Giyim,Az,Premium
59.0,97505.0,87,1,,Yok,Standart
48.0,46668.0,96,1,Gıda,Az,Standart
20.0,33061.0,81,9,Elektronik,Yok,Standart
57.0,89252.0,81,6,Gıda,Çok,Premium
63.0,49749.0,14,0,,Yok,Standart
41.0,26907.0,9,7,,Çok,Standart
67.0,28777.0,40,10,,Yok,Standart
,61745.0,66,2,Gıda,Çok,Standart
64.0,91818.0,25,10,,Az,Standart
39.0,33624.0,73,5,Elektronik,Çok,Standart
40.0,33321.0,22,8,Elektronik,Az,Standart
19.0,20488.0,4,5,Elektronik,Az,Standart
44.0,32574.0,26,8,Giyim,Çok,Standart
,15240.0,58,6,Elektronik,Yok,Standart
19.0,53221.0,29,8,Giyim,Yok,Standart
43.0,20478.0,98,1,Giyim,Yok,Standart
34.0,65645.0,87,7,Giyim,Yok,Premium
57.0,,37,7,Gıda,Yok,Standart
,62796.0,75,1,Elektronik,Az,Standart
26.0,14432.0,70,3,,Yok,Standart
60.0,74291.0,18,10,Giyim,Az,Standart
65.0,89104.0,85,6,Giyim,Az,Premium
,69399.0,42,10,,Az,Standart
46.0,89714.0,100,3,Giyim,Çok,Standart
59.0,,41,3,Elektronik,Çok,Standart
43.0,97731.0,38,5,Gıda,Az,Standart
52.0,10302.0,34,9,Giyim,Çok,Standart
67.0,92558.0,17,5,Elektronik,Yok,Standart
42.0,10055.0,37,9,Giyim,Yok,Standart
41.0,18717.0,25,2,Elektronik,Az,Standart
30.0,38699.0,76,8,Elektronik,Yok,Standart
,83686.0,87,9,Giyim,Az,Premium
53.0,77661.0,86,10,Gıda,Az,Premium
62.0,54247.0,85,1,Elektronik,Yok,Standart
37.0,26748.0,27,5,Elektronik,Çok,Standart
18.0,14621.0,57,6,Elektronik,Yok,Standart
25.0,25034.0,31,8,Gıda,Yok,Standart
63.0,15126.0,6,2,Gıda,Az,Standart
33.0,15122.0,91,9,Giyim,Az,Standart
31.0,28030.0,40,2,Gıda,Az,Standart
29.0,92838.0,98,6,Giyim,Az,Premium
68.0,94717.0,12,3,Giyim,Çok,Standart
40.0,65658.0,53,7,Gıda,Çok,Premium
32.0,48638.0,71,6,Giyim,Çok,Standart
45.0,77067.0,10,4,,Az,Standart
51.0,98869.0,45,6,,Az,Standart
19.0,44674.0,17,2,Gıda,Az,Standart
49.0,45854.0,26,1,Gıda,Çok,Standart
40.0,56271.0,85,5,Giyim,Az,Standart
39.0,,92,1,Elektronik,Yok,Standart
68.0,48518.0,62,2,Giyim,Yok,Standart
42.0,20267.0,46,5,Gıda,Az,Standart
39.0,11062.0,64,4,Elektronik,Yok,Standart
39.0,60448.0,2,7,,Yok,Standart
66.0,16229.0,54,8,Giyim,Çok,Standart
69.0,66793.0,65,10,Giyim,Az,Premium
59.0,57915.0,51,2,,Az,Standart
23.0,,53,9,Gıda,Çok,Standart
32.0,13596.0,36,2,Giyim,Yok,Standart
60.0,16168.0,26,2,,Yok,Standart
54.0,17561.0,29,5,Giyim,Az,Standart
50.0,83794.0,21,0,Giyim,Yok,Standart
25.0,92152.0,11,6,Giyim,Çok,Standart
61.0,36734.0,40,0,Gıda,Çok,Standart
61.0,16371.0,11,4,,Az,Standart
22.0,36069.0,36,9,Giyim,Çok,Standart
56.0,89905.0,59,7,Elektronik,Çok,Premium
21.0,22910.0,39,3,Gıda,Az,Standart
23.0,83479.0,99,4,,Çok,Standart
62.0,87735.0,54,3,Gıda,Çok,Standart
49.0,91264.0,98,3,Giyim,Çok,Standart
69.0,33275.0,55,7,Gıda,Yok,Standart
,82274.0,24,1,Giyim,Az,Standart
64.0,91449.0,22,0,Gıda,Az,Standart
52.0,70004.0,69,2,Giyim,Az,Standart
57.0,72981.0,56,8,Giyim,Yok,Premium
69.0,94659.0,33,3,Giyim,Yok,Standart
33.0,64553.0,36,9,Giyim,Az,Standart
,58447.0,20,4,Elektronik,Yok,Standart
67.0,44529.0,83,1,,Az,Standart
,85703.0,99,3,Elektronik,Yok,Standart
47.0,86090.0,81,1,Elektronik,Çok,Standart
36.0,27260.0,62,1,Giyim,Çok,Standart
34.0,,98,3,Elektronik,Az,Standart
36.0,38024.0,73,5,Gıda,Yok,Standart
,68656.0,26,6,Giyim,Yok,Standart
43.0,,66,9,,Çok,Standart
54.0,,73,2,Giyim,Çok,Standart
43.0,81158.0,73,2,Giyim,Yok,Standart
40.0,82303.0,40,9,Giyim,Yok,Standart
26.0,37139.0,17,5,Elektronik,Yok,Standart
29.0,87149.0,1,2,,Yok,Standart
18.0,66138.0,89,1,Gıda,Yok,Standart
18.0,86125.0,61,7,Elektronik,Yok,Premium
64.0,23918.0,43,4,Giyim,Az,Standart
51.0,95655.0,42,0,,Yok,Standart
49.0,37446.0,25,2,,Çok,Standart
65.0,23046.0,39,9,Elektronik,Az,Standart
42.0,34818.0,35,7,Giyim,Yok,Standart
57.0,14324.0,3,3,,Çok,Standart
62.0,86323.0,44,6,,Az,Standart
18.0,19111.0,51,9,Elektronik,Çok,Standart
